title,year1,year2
Califorina,154.654,188.5455
Ohio,100.654,131.5455
New York,201,211.252128
New Hampshire,70.654,79.252128
South Carolina,40,46.654
Hawaii,43,49.5455
Nevada,18,23.5455
New Mexico,69,73.5455
Maryland,123,125.5455
Maine,109,111.252128
Kansas,43,45.252128
Connecticut,50.654,47.5455
Texas,201,197.5455
Wisconsin,82,76.252128
Alaska,21.654,15.5455
Missouri,88,59.654
New Jersey,109.252128,78.5455
Virginia,166.252128,69
Rest,199,219.252128